<?xml version="1.0" encoding="UTF-8"?>
<metadata xml:lang="pt"><Esri><CreaDate>20200418</CreaDate><CreaTime>09295100</CreaTime><ArcGISFormat>1.0</ArcGISFormat><SyncOnce>TRUE</SyncOnce><DataProperties><lineage><Process ToolSource="c:\program files (x86)\arcgis\desktop10.7\ArcToolbox\Toolboxes\Data Management Tools.tbx\DeleteField" Date="20200418" Time="092951">DeleteField casospor10khab Casos_23_0;Casos_24_0;Casos_25_0;Casos_26_0;Casos_27_0;Casos_28_0;Casos_31_0;Casos_01_0;Casos_04_0;Casos_07_0;Casos_087_;Casos_09_0;Casos_10_0;Casos_11_0;Casos_12_0;Casos_13_0;Casos_14_0;Casos_15_0</Process></lineage></DataProperties></Esri></metadata>
